{"cameraMode":{"drawMode":0,"name":"Shaded","section":"Shading Mode"},"sceneLighting":false,"audioPlay":false,"sceneViewState":{"m_AlwaysRefresh":false,"showFog":false,"showSkybox":false,"showFlares":false,"showImageEffects":false,"showParticleSystems":false,"showVisualEffectGraphs":true,"m_FxEnabled":true},"in2DMode":false,"pivot":{"x":0.11671867221593857,"y":1.3612507581710816,"z":0.7765081524848938},"rotation":{"x":0.0038858854677528145,"y":-0.9958677887916565,"z":0.07664208859205246,"w":0.05025250092148781},"size":1.7752256393432618,"orthographic":false}