{"cameraMode":{"drawMode":0,"name":"Shaded","section":"Shading Mode"},"sceneLighting":false,"audioPlay":false,"sceneViewState":{"m_AlwaysRefresh":false,"showFog":true,"showSkybox":false,"showFlares":true,"showImageEffects":true,"showParticleSystems":true,"showVisualEffectGraphs":true,"m_FxEnabled":true},"in2DMode":false,"pivot":{"x":3.625673532485962,"y":1.8572627305984498,"z":1.9116418361663819},"rotation":{"x":0.1920851767063141,"y":0.07267272472381592,"z":-0.014275613240897656,"w":0.9786661267280579},"size":4.891976833343506,"orthographic":false}