{"cameraMode":{"drawMode":0,"name":"Shaded","section":"Shading Mode"},"sceneLighting":true,"audioPlay":false,"sceneViewState":{"m_AlwaysRefresh":false,"showFog":true,"showSkybox":true,"showFlares":true,"showImageEffects":true,"showParticleSystems":true,"showVisualEffectGraphs":true,"m_FxEnabled":true},"in2DMode":false,"pivot":{"x":1.2035537958145142,"y":3.3655433654785158,"z":-3.155538558959961},"rotation":{"x":-0.2146044820547104,"y":-0.014066669158637524,"z":0.0030910903587937357,"w":-0.9765953421592712},"size":9.550000190734864,"orthographic":false}