{"cameraMode":{"drawMode":0,"name":"Shaded","section":"Shading Mode"},"sceneLighting":false,"audioPlay":false,"sceneViewState":{"m_AlwaysRefresh":false,"showFog":false,"showSkybox":false,"showFlares":false,"showImageEffects":false,"showParticleSystems":false,"showVisualEffectGraphs":true,"m_FxEnabled":true},"in2DMode":false,"pivot":{"x":-0.3498709797859192,"y":1.5562177896499634,"z":-0.6244564652442932},"rotation":{"x":0.0015925740590319038,"y":0.9231339693069458,"z":0.0038762083277106287,"w":-0.38467860221862795},"size":0.6842547655105591,"orthographic":false}