{"cameraMode":{"drawMode":0,"name":"Shaded","section":"Shading Mode"},"sceneLighting":false,"audioPlay":false,"sceneViewState":{"m_AlwaysRefresh":false,"showFog":false,"showSkybox":false,"showFlares":false,"showImageEffects":false,"showParticleSystems":false,"showVisualEffectGraphs":true,"m_FxEnabled":true},"in2DMode":false,"pivot":{"x":-0.1342121660709381,"y":1.009655237197876,"z":-0.4612153172492981},"rotation":{"x":-0.0014175653923302889,"y":0.9969691634178162,"z":-0.07672769576311112,"w":-0.01827276684343815},"size":1.3651087284088135,"orthographic":false}