{"cameraMode":{"drawMode":0,"name":"Shaded","section":"Shading Mode"},"sceneLighting":false,"audioPlay":false,"sceneViewState":{"m_AlwaysRefresh":false,"showFog":true,"showSkybox":false,"showFlares":true,"showImageEffects":true,"showParticleSystems":true,"showVisualEffectGraphs":true,"m_FxEnabled":true},"in2DMode":false,"pivot":{"x":-0.6360609531402588,"y":0.1286013424396515,"z":-0.22583504021167756},"rotation":{"x":-0.01366354338824749,"y":0.9789073467254639,"z":-0.06942558288574219,"w":-0.19214914739131928},"size":1.8530948162078858,"orthographic":false}