{"cameraMode":{"drawMode":0,"name":"Shaded","section":"Shading Mode"},"sceneLighting":false,"audioPlay":false,"sceneViewState":{"m_AlwaysRefresh":false,"showFog":true,"showSkybox":false,"showFlares":true,"showImageEffects":true,"showParticleSystems":true,"showVisualEffectGraphs":true,"m_FxEnabled":true},"in2DMode":false,"pivot":{"x":0.11876773089170456,"y":0.8180468082427979,"z":0.7583833932876587},"rotation":{"x":-0.001952526974491775,"y":0.9980531930923462,"z":-0.051254261285066608,"w":-0.037771228700876239},"size":0.805273711681366,"orthographic":false}