{"cameraMode":{"drawMode":0,"name":"Shaded","section":"Shading Mode"},"sceneLighting":false,"audioPlay":false,"sceneViewState":{"m_AlwaysRefresh":false,"showFog":false,"showSkybox":false,"showFlares":false,"showImageEffects":false,"showParticleSystems":false,"showVisualEffectGraphs":true,"m_FxEnabled":true},"in2DMode":false,"pivot":{"x":-0.4119188189506531,"y":0.8205236792564392,"z":-0.8564392328262329},"rotation":{"x":0.0025949343107640745,"y":-0.987599790096283,"z":0.0166110098361969,"w":0.15691152215003968},"size":0.7368488907814026,"orthographic":false}