{"cameraMode":{"drawMode":0,"name":"Shaded","section":"Shading Mode"},"sceneLighting":true,"audioPlay":false,"sceneViewState":{"m_AlwaysRefresh":false,"showFog":true,"showSkybox":true,"showFlares":true,"showImageEffects":true,"showParticleSystems":true,"showVisualEffectGraphs":true,"m_FxEnabled":true},"in2DMode":false,"pivot":{"x":-18.440507888793947,"y":11.902691841125489,"z":133.24990844726563},"rotation":{"x":0.08448594808578491,"y":0.6206145882606506,"z":-0.06744953244924545,"w":0.7767419815063477},"size":0.7965200543403626,"orthographic":false}