{"cameraMode":{"drawMode":0,"name":"Shaded","section":"Shading Mode"},"sceneLighting":false,"audioPlay":false,"sceneViewState":{"m_AlwaysRefresh":false,"showFog":true,"showSkybox":false,"showFlares":true,"showImageEffects":true,"showParticleSystems":true,"showVisualEffectGraphs":true,"m_FxEnabled":true},"in2DMode":false,"pivot":{"x":0.9782506227493286,"y":1.236372470855713,"z":-0.11537761241197586},"rotation":{"x":0.004810763988643885,"y":0.02976761944591999,"z":-0.00009738793596625328,"w":0.9996734261512756},"size":2.0116138458251955,"orthographic":false}