{"cameraMode":{"drawMode":0,"name":"Shaded","section":"Shading Mode"},"sceneLighting":false,"audioPlay":false,"sceneViewState":{"m_AlwaysRefresh":false,"showFog":false,"showSkybox":false,"showFlares":false,"showImageEffects":false,"showParticleSystems":false,"showVisualEffectGraphs":true,"m_FxEnabled":true},"in2DMode":false,"pivot":{"x":-0.08816489577293396,"y":1.319772481918335,"z":0.6136892437934876},"rotation":{"x":0.012351185083389283,"y":-0.9862934350967407,"z":0.1403149515390396,"w":0.08727461099624634},"size":0.8838419914245606,"orthographic":false}