{"cameraMode":{"drawMode":0,"name":"Shaded","section":"Shading Mode"},"sceneLighting":false,"audioPlay":false,"sceneViewState":{"m_AlwaysRefresh":false,"showFog":true,"showSkybox":false,"showFlares":true,"showImageEffects":true,"showParticleSystems":true,"showVisualEffectGraphs":true,"m_FxEnabled":true},"in2DMode":false,"pivot":{"x":-0.24300675094127656,"y":0.4507389962673187,"z":-0.4573056697845459},"rotation":{"x":-0.005594008602201939,"y":0.9943399429321289,"z":-0.0660300999879837,"w":-0.08404870331287384},"size":0.7827580571174622,"orthographic":false}