{"cameraMode":{"drawMode":0,"name":"Shaded","section":"Shading Mode"},"sceneLighting":false,"audioPlay":false,"sceneViewState":{"m_AlwaysRefresh":false,"showFog":true,"showSkybox":false,"showFlares":true,"showImageEffects":true,"showParticleSystems":true,"showVisualEffectGraphs":true,"m_FxEnabled":true},"in2DMode":false,"pivot":{"x":0.8010942339897156,"y":0.7912960648536682,"z":-0.9573565721511841},"rotation":{"x":0.013950347900390625,"y":0.9853866696357727,"z":-0.09967613965272904,"w":0.1380326747894287},"size":1.3651087284088135,"orthographic":false}